Use the World's most popular online carbon footprint calculator, and it's FREE. Calculate your carbon emissions from Buildings, Cars, Flights and other ...
According to WHO, a carbon footprint is a measure of the impact your activities have on the amount of carbon dioxide (CO2) produced through the ...
Carbon footprint, amount of carbon dioxide emissions associated with all the activities of a person or other entity. It includes direct emissions, ...
Amazon's corporate carbon footprint quantifies the total greenhouse gas emissions attributed to our direct and indirect operational activities.
Reduce carbon footprint with these handy tips. Calculate your emissions & buy offsets that change lives in regions where incomes are less than $2/day.
A carbon footprint measures the total greenhouse gas emissions caused directly and indirectly by a person, organisation, event or product.
ICAO has developed a methodology to calculate the carbon dioxide emissions from air travel for use in offset programmes. The ICAO Carbon Emissions ...
The incomplete diagnosis of the drivers of emissions hampers our understanding of the needed transformations to tackle carbon lock-in.
Ever wondered how many carbon emissions are generated by online activity? Our updated infographic shows the level of CO2 emissions generated ...
Oil companies have made a carbon footprint your problem, but what about their own massive carbon footprints?
These services are associated with energy use and carbon emissions from devices, network infrastructure and data centres.
Their findings showed that meat and other animal products are responsible for more than half of food-related greenhouse gas emissions, despite ...
Food's carbon footprint, or foodprint, is the greenhouse gas emissions produced by growing, rearing, farming, processing, transporting, storing, ...
Currently, the City is working to implement over 130 actions that will reduce greenhouse gas emissions from energy, transportation, and materials and waste ...
Your carbon footprint is the total carbon dioxide released due to your individual activities. Your household's carbon footprint would be the total carbon ...
Carbon footprint is defined as “The quantity of GHGs expressed in terms of CO2-e ... Carbon footprints estimate the total amount of greenhouse gases emitted ...
Greenhouse gases are emitted through the production and consumption of goods and services. Carbon footprint is a concept used to quantify the ...
UN carbon footprint calculator · Number of people in the household · Size of housing (m2) ·…from a clean energy source.
Your carbon footprint is the sum of all emissions of greenhouse gases like CO2 (carbon dioxide), which were induced by your activities in a ...
Carbon footprint definition is - the amount of greenhouse gases and specifically carbon dioxide emitted by something (such as a person's activities or a ...
A carbon footprint is basically the total amount of greenhouse gas emissions that anything – a person, organization, event or product – has ...
You can download our complete Our World in Data CO2 and Greenhouse Gas Emissions database. Carbon dioxide emissions are the primary driver of global climate ...
Carbon footprint. A measure of the total amount of greenhouse gasses released into the atmosphere as a result of an individual's, organisation's ...
Your carbon footprint is the amount of greenhouse gases—including carbon dioxide, methane, nitrous oxide, fluorinated gases and others—that ...
A CO2 footprint or carbon footprint is the total amount of carbon dioxide emissions produced, as a result of an individual's ...
Tourism is responsible for 8% of the world's carbon emissions. Learn which travel activities generate CO2. Discover how to reduce your footprint.
Carbon Footprint · Include gross carbon emissions data in reports and disclosures · Visualize carbon insights via dashboards and charts · Reduce the gross ...
Greenhouse gas emissions along the BASF value chain. Balancing sets out three emission ranges (scopes):. Scope 1 records direct CO2 emissions. They come from ...
The carbon footprint represents the total volume of greenhouse gases (GG) resulting from everyday economic and human activity. Knowing the carbon footprint ...
The history of the 'carbon footprint' is a complicated one. The term itself refers to the total carbon emissions of all your everyday ...
The total life cycle carbon footprint of the ICT sector is approximately 730 million tonnes CO2 equivalent (Mt CO2-eq) or 1.4 percent of total global greenhouse ...
Carbon footprints have become popular in spite of the term being a misnomer; it refers to the mass of cumulated CO2 emissions, for example, ...
A carbon footprint is an essential component on the journey towards net zero and is the first building block towards any sustainability strategy.
The City's progress towards its climate goals demonstrates it is possible to reduce greenhouse gas emissions while growing the economy. The majority of San ...
Air drying clothes would save just 0.2 tonnes of carbon emissions a year per person. By comparison, total annual greenhouse gas emissions, ...
In this commentary, we examine the carbon footprint of these services. Streaming services are associated with energy use and carbon emissions from devices, ...
But the increase in its total carbon footprint shows how hard it is for a fast-growing company like Amazon to cut down on pollution. The company ...
According to the Nature Conservancy, a US environmental nonprofit, a carbon footprint is the total amount of greenhouse gases, either methane or ...
The term carbon footprint, therefore, is a shorthand to describe the best estimate that we can get of the full climate change impact of ...
... meet the goal of the Paris Agreement. Here you can find further questions and answers on Shell's Net Carbon Footprint ambition and how we plan to meet it.
Bitcoin production is estimated to generate between 22 and 22.9 million metric tons of carbon dioxide emissions a year, or between the ...
Complete the Carbon Footprint Survey and color a footprint to show the relative size of your family's impact on the environment. Greenhouse Gases and Our Carbon ...
If we don't curb emissions, and temperatures continue to climb, science tells us that ... Taking responsibility for our carbon footprint.
Bitcoin has a carbon footprint comparable to that of New Zealand, producing 36.95 megatons of CO2 annually, according to Digiconomist.
For many companies, reducing greenhouse gas emissions benefits the bottom line because efficient practices reduce operating costs and help increase employee ...
Here, I quantify the greenhouse gas emissions from material production and the carbon footprint of materials in industries that are the ...
Calculate and compare your carbon footprint to similar households and create a personalized climate action plan.
A product's carbon footprint (PCF) helps us understand its impact on the environment, providing valuable insight to design more sustainably.
Simple things you can do at any time to reduce your personal and household emissions of carbon dioxide (CO2), the leading greenhouse gas contributor to ...
Well-meaning individuals often make poor choices when it comes to reducing their carbon footprint. Air travel vs. recycling. My colleagues and I ...
To meet the growing need for electricity in developing countries while simultaneously reducing greenhouse gas emissions, the amount of carbon released per unit ...
Let's compare the carbon footprint of art that is printed, packaged, and shipped it to a customer to art minted and auctioned as an NFT ...
Launch the play button to visualize emissions over time. You can pause at anytime or drag the year button. Sources, methodes and download options for data ...
One stark indicator of the pandemic's far-reaching impact is its effect on fossil fuel consumption and carbon dioxide emissions.
Oil Rig: Carbon footprints track back to big oil marketing ... creative campaign's key phrase – “carbon footprint” – part of our vernacular.
A few years after BP began promoting the “carbon footprint,” MIT researchers calculated the carbon emissions for “a homeless person who ate in soup kitchens and ...
A carbon footprint is the total set of greenhouse gas emissions caused directly and indirectly by an individual, organization, event, or product.
Google announced updates to many of its signature platforms that it says could reduce users' greenhouse gas emissions. Google Search, Maps ...
You can also measure your impact by counting greenhouse gas emissions, measured in units of carbon dioxide (CO2). Household Carbon Footprint Calculator from ...
However, carbon inequality is so stark the richest 10 percent would blow the carbon budget by 2033 even if all other emissions were cut to zero.
The Carbon Footprint of Daily Activities ... The average U.S. household pumps 49 metric tons of carbon into the atmosphere each year, according to ...
A whopping 50,000 pounds a year! ... That's the average American's total carbon footprint which includes the emissions from your home, car, air travel and ...
Data for up to 1990 are sourced from Carbon Dioxide Information Analysis Center, Environmental Sciences Division, Oak Ridge National Laboratory, Tennessee, ...
Climate change is the result of increasing levels of greenhouse gas (GHG) emissions, primarily referenced in terms of carbon dioxide (CO2) emissions.
What is your Ecological Footprint? How many planets does it take to support your lifestyle? Take this free quiz to find out!
Managing our environmental footprint is one of the ways that we are working to create a more equitable society. We have reduced our carbon footprint 45% ...
Simple Tips to Reduce Your Carbon Footprint · Switch it Off Turn off the lights when natural light is sufficient and when you leave the room. · Climate Control
Drive down your carbon footprint. Offsetting your annual travel emissions is quick, easy and affordable. Simply tell us about your vehicle, your mileage and any ...
Carbon Footprint (CF) – also named Carbon profile - is the overall amount of carbon dioxide (CO2) and other greenhouse gas (GHG) emissions (e.g. methane, ...
Getting ahead of climate risk requires a detailed understanding of your carbon footprint and underlying sources of carbon emissions – as well as forward ...
We can measure our personal carbon footprints by calculating how much greenhouse gas our activities produce. Every time we turn on a light, travel by car, eat a ...
This report provides estimates for energy use and carbon emissions associated with water production, residential use, and treatment in the. Huron River ...
Manufacturing Energy and Carbon Footprints map energy supply, demand, loss and greenhouse gas combustion emissions by U.S. manufacturing sector.
Carbon footprinting measures the greenhouse gas emissions caused by an organisation, event or product.
A carbon footprint is the total amount of greenhouse gases (including carbon dioxide ... The major contributors to carbon footprints are: food, consumption, ...
Intertek's Carbon Footprint and Water Footprint evaluation service involves the evaluation of environmental impacts, energy consumption, GHG emissions and ...
Use our Carbon Footprint Estimator to see how your healthcare organization is, or has the opportunity to, reduce greenhouse gas emissions.
Secrets, secrets are no fun, especially when they could help the public make better decisions for the planet. So we're giving away our Carbon Footprint ...
Briefly, a Carbon Calculator is a computer programme that calculates your Carbon Footprint. This is the approximate amount of carbon dioxide produced by the ...
Cloud Carbon Footprint. Free and Open Source. Cloud Carbon Emissions Measurement and Analysis Tool. Understand how your cloud usage impacts our environment and ...
How Bad are Bananas?: The Carbon Footprint of Everything is an emissions-calculating guide to finally help us with our lifestyle choices.
Figure 1. Household and industry US energy-related CO2 emissions ... The carbon footprint of some industries stems primarily from their use of ...
Each of us has a role to play in reducing our carbon emissions. ... Some examples for decreasing your carbon footprint by using public transportation ...
The basis for a carbon footprint is the annual GHG emissions of each company within the respective fund. All direct operations, as well as energy and heat ...
It provides you with an overview of your company's greenhouse gas emissions, where carbon hotspots lie within your business and what targets you can set to ...
The world's wealthiest people must reduce their carbon footprint 30-fold to combat climate change, U.N. report says.
Such a carbon footprint can be calculated by performing (according to international standards) a LCA that concentrates on GHG emissions that have an effect on ...
There is no simple way of calculating the impact of food waste on GHG emissions, nor is there a straightforward way of estimating the carbon footprint of ...
Carbon emissions in supply chains. Because supply chains consume resources at a large scale, they are responsible for a disproportionately large share of the ...
MSCI index carbon footprint metrics. MSCI reports the weighted average carbon intensity of over 15,000 indexes for investors who are looking to understand, ...
Carbon footprint definition, the amount of carbon dioxide or other carbon compounds emitted into the atmosphere by the activities of an individual, company, ...
ISO 14064 standard on quantification of emissions and removals of greenhouse gases represents a fundamental instrument for the estimation of carbon footprint in ...
A carbon footprint is the total greenhouse gas emissions (including carbon dioxide and methane) caused by an individual, community, event, organization, ...
Reduce Your Carbon Footprint. The general consensus among scientists is that that carbon emissions must be reduced by 80% by 2050 to avoid temperature rise ...
We can take personal action to decrease CO2 emissions to protect our ocean. What's a carbon footprint? A carbon footprint is a measure of the impact our ...
A carbon footprint is the measure of greenhouse gases produced by the activities one participates in. Generally, they are calculated based on ...
Carbon Dioxide Emissions Coefficients. Release Date: September 16, 2021 | XLS. Carbon Dioxide Emissions Coefficients by Fuel ...
How big is your environmental footprint? The planet is in crisis - from climate change to the pollution in our oceans and devastation of our forests.
One hour of streaming is equivalent to 55 carbon dioxide grams · Entertainment industry is looking for ways to cut emissions ...
A carbon footprint is therefore the sum of all CO2 emissions that were induced by a person's activity within a given timeframe: All fossil fuel consumption ( ...
A carbon footprint is a measure of the impact our activities have on the environment, and in particular climate change. It relates to the amount of greenhouse ...
While MPRB has been working for years to reduce its greenhouse gas emissions, the carbon footprint data and analysis allows for more strategic and measurable ...
We must both rapidly reduce carbon dioxide emissions and remove carbon from the atmosphere — at scale. Companies can do this by helping ...
From a climate-change perspective, CO2 should be captured at the CO2 source with the lowest CO2 emissions from capture. However, reported carbon footprints ...
In fact, the right combination of model, processor, data center and energy source can reduce the carbon footprint of training an ML system ...
In a recent study documenting the carbon footprint of the American diet, ... NRDC has documented high levels of methane emissions from the ...
The Carbon Footprint of a product describes the sum of greenhouse gas emissions accumulated during the full life cycle of a product in a specified application.